<?xml version="1.0" encoding="UTF-8"?>
<project-private xmlns="http://www.netbeans.org/ns/project-private/1">
    <editor-bookmarks xmlns="http://www.netbeans.org/ns/editor-bookmarks/2" lastBookmarkId="0"/>
    <open-files xmlns="http://www.netbeans.org/ns/projectui-open-files/2">
        <group>
            <file>file:/C:/Users/Kiran/Desktop/University-Management-System-master/University%20Management%20System/src/university/management/system/AddTeacher.java</file>
            <file>file:/C:/Users/Kiran/Desktop/University-Management-System-master/University%20Management%20System/src/university/management/system/conn.java</file>
            <file>file:/C:/Users/Kiran/Desktop/University-Management-System-master/University%20Management%20System/src/university/management/system/StudentAttendance.java</file>
            <file>file:/C:/Users/Kiran/Desktop/University-Management-System-master/University%20Management%20System/src/university/management/system/UpdateTeacher.java</file>
            <file>file:/C:/Users/Kiran/Desktop/University-Management-System-master/University%20Management%20System/src/university/management/system/Splash.java</file>
            <file>file:/C:/Users/Kiran/Desktop/University-Management-System-master/University%20Management%20System/src/university/management/system/AddStudent.java</file>
        </group>
    </open-files>
</project-private>
